sampleId	total_length	num_contigs	N50	GC_content	percent_completion	percent_redundancy
CGG100272	1911159	80	41731	36.40212092050083	100.0	0.0
CGG100534	1646832	613	3163	36.89342083642706	92.95774647887323	5.633802816901408
CGG101233	1957385	23	145777	36.77726002177376	100.0	0.0
NEO105	2082964	269	12226	36.888147558208594	98.59154929577464	0.0
NEO137	1985645	77	37240	36.790092083645035	100.0	0.0
NEO938	1747566	480	4841	37.04291895889623	98.59154929577464	4.225352112676056
VK63	1500652	647	2590	37.26932248044555	84.50704225352112	2.816901408450704
